Who,Percentage,Lock Up (months),Vesting (months),Vesting Interval in Months,Vesting Start,Day 1 tokens
Team,20%,12,36,3,4/26/2024,0
Seed,15.6223893%,12,36,3,4/26/2024,0
Foundation,35.7377441%,3,33,1,7/26/2023,0
Rewards,20%,0,55,1,4/26/2023,0
Advisors,3%,12,36,3,4/26/2024,0
Partners ($100k+),2.6666667%,12,36,3,4/26/2024,0
Partners (<$100k),1.1377778%,12,12,3,4/26/2024,0
Liquidity,0.835422222%,0,0,0,4/26/2023,187970
IDO,1%,0,0,0,4/26/2023,225000